{
  "n": 24,
  "acc_non": 0.4166666666666667,
  "acc_post": 0.4166666666666667,
  "change_rate": 0.4583333333333333
}