{
  "n": 24,
  "acc_non": 0.4166666666666667,
  "acc_post": 0.4166666666666667,
  "change_rate": 0.4583333333333333,
  "chance_baseline": 0.1,
  "semantic_shift": {
    "perception": {
      "mean": 0.24427170430620512,
      "std": 0.1273481622206399,
      "min": 0.04649364948272705,
      "max": 0.607561856508255,
      "values": [
        0.2555510997772217,
        0.1464623212814331,
        0.2291508913040161,
        0.28005093336105347,
        0.16572684049606323,
        0.15915095806121826,
        0.1267387866973877,
        0.1052125096321106,
        0.607561856508255,
        0.20966559648513794,
        0.24100351333618164,
        0.17031323909759521,
        0.04649364948272705,
        0.15696734189987183,
        0.18317198753356934,
        0.43067407608032227,
        0.15506970882415771,
        0.2963184714317322,
        0.5413426756858826,
        0.22825920581817627,
        0.31648993492126465,
        0.28037869930267334,
        0.28766822814941406,
        0.24309837818145752
      ]
    },
    "prediction": {
      "mean": 0.2070441171526909,
      "std": 0.098520515911154,
      "min": 0.049134790897369385,
      "max": 0.4023386240005493,
      "values": [
        0.2024974822998047,
        0.15951573848724365,
        0.20238173007965088,
        0.17375409603118896,
        0.049134790897369385,
        0.11271405220031738,
        0.0883629322052002,
        0.15727770328521729,
        0.4023386240005493,
        0.11583065986633301,
        0.2409725785255432,
        0.08873999118804932,
        0.12380379438400269,
        0.23473495244979858,
        0.1509993076324463,
        0.3576831817626953,
        0.13140469789505005,
        0.14668309688568115,
        0.36157286167144775,
        0.3153473734855652,
        0.2930426001548767,
        0.26606398820877075,
        0.3743576407432556,
        0.21984493732452393
      ]
    },
    "planning": {
      "mean": 0.18822668741146723,
      "std": 0.06694140401466658,
      "min": 0.04944521188735962,
      "max": 0.3191782236099243,
      "values": [
        0.2515310049057007,
        0.1430354118347168,
        0.1263718605041504,
        0.18447327613830566,
        0.090301513671875,
        0.09192335605621338,
        0.11924886703491211,
        0.04944521188735962,
        0.2291337251663208,
        0.14234495162963867,
        0.18516576290130615,
        0.1388249397277832,
        0.28018248081207275,
        0.2832108736038208,
        0.1761763095855713,
        0.2210378646850586,
        0.268526554107666,
        0.3191782236099243,
        0.177263081073761,
        0.24553930759429932,
        0.22720122337341309,
        0.19794553518295288,
        0.20926660299301147,
        0.16011255979537964
      ]
    },
    "reasoning": {
      "mean": 0.20990083366632462,
      "std": 0.07433220294203619,
      "min": 0.04804259538650513,
      "max": 0.35411953926086426,
      "values": [
        0.26881957054138184,
        0.1316310167312622,
        0.20067143440246582,
        0.30996084213256836,
        0.3400111198425293,
        0.35411953926086426,
        0.12166017293930054,
        0.1509336233139038,
        0.19585371017456055,
        0.2279491424560547,
        0.15660154819488525,
        0.04804259538650513,
        0.23512744903564453,
        0.23339951038360596,
        0.0994688868522644,
        0.20960557460784912,
        0.29168379306793213,
        0.22406500577926636,
        0.180108904838562,
        0.25313377380371094,
        0.27890777587890625,
        0.1468665599822998,
        0.2191750407218933,
        0.15982341766357422
      ]
    }
  }
}